Fund Name,P1,P2,P3,P4,P5,Score,Rank
M1,0.66,0.44,4.8,64.1,17.5,0.4943422259777616,3.0
M2,0.84,0.71,3.9,55.0,15.11,0.4705849695264776,4.0
M3,0.67,0.45,4.7,44.6,12.61,0.3446728520077359,8.0
M4,0.72,0.52,6.4,39.9,11.89,0.4653637208673659,5.0
M5,0.95,0.9,6.1,55.5,15.86,0.6966595535558486,2.0
M6,0.83,0.69,4.1,42.9,12.13,0.3753193002974945,7.0
M7,0.64,0.41,3.1,64.2,17.09,0.40585374060181767,6.0
M8,0.94,0.88,6.6,54.8,15.81,0.7103706230432923,1.0
